sensor_zone_1_1,sensor_zone_1_2,sensor_zone_1_3,sensor_zone_1_4,sensor_zone_1_5,sensor_zone_2_1,sensor_zone_2_2,sensor_zone_2_3,sensor_zone_2_4,sensor_zone_2_5,sensor_zone_3_1,sensor_zone_3_2,sensor_zone_3_3,sensor_zone_3_4,sensor_zone_3_5,sensor_zone_4_1,sensor_zone_4_2,sensor_zone_4_3,sensor_zone_4_4,sensor_zone_4_5,sensor_zone_5_1,sensor_zone_5_2,sensor_zone_5_3,sensor_zone_5_4,sensor_zone_5_5
0.0,0.0,0.0,0.0,0.0,0.0,0.0,0.0,0.0,0.0,0.0,0.0,0.0,0.0,0.0,0.0,0.0,0.0,0.0,0.0,0.0,0.0,0.0,0.0,0.0
0.43468639915607893,2.411755483360722,0.0,1.3693104226336443,0.0,0.0,0.0,5.308038406876762,0.0,2.4964107400475455,0.0,4.890595755883714,6.8694429954167795,6.623989221659476,0.0,3.828516719633352,0.0,7.015352575824761,0.0,0.2983935414204087,0.0,2.44446842881807,0.0,2.3731564661490436,0.0
