sensor_zone_1_1,sensor_zone_1_2,sensor_zone_1_3,sensor_zone_1_4,sensor_zone_1_5,sensor_zone_2_1,sensor_zone_2_2,sensor_zone_2_3,sensor_zone_2_4,sensor_zone_2_5,sensor_zone_3_1,sensor_zone_3_2,sensor_zone_3_3,sensor_zone_3_4,sensor_zone_3_5,sensor_zone_4_1,sensor_zone_4_2,sensor_zone_4_3,sensor_zone_4_4,sensor_zone_4_5,sensor_zone_5_1,sensor_zone_5_2,sensor_zone_5_3,sensor_zone_5_4,sensor_zone_5_5
9.419949633961936,9.951034790010448,5.753211007800214,9.609700581432833,9.435137933968136,8.364425797183978,10,10,10.21849395568817,10.126909394134632,5.570608704047605,10,10,10,5.899886969274822,10.143683183168404,8.75,10,10,9.148893486285816,9.777394101361638,9.701691569819237,5.833549853479367,9.954361155504303,9.371439025398313
