sensor_zone_1_1,sensor_zone_1_2,sensor_zone_1_3,sensor_zone_1_4,sensor_zone_1_5,sensor_zone_2_1,sensor_zone_2_2,sensor_zone_2_3,sensor_zone_2_4,sensor_zone_2_5,sensor_zone_3_1,sensor_zone_3_2,sensor_zone_3_3,sensor_zone_3_4,sensor_zone_3_5,sensor_zone_4_1,sensor_zone_4_2,sensor_zone_4_3,sensor_zone_4_4,sensor_zone_4_5,sensor_zone_5_1,sensor_zone_5_2,sensor_zone_5_3,sensor_zone_5_4,sensor_zone_5_5
35629.480093656566,21727.106503866835,32391.76989723296,18951.011957973547,42480.13839909279,23078.921848656726,0.0,0.0,363.17952994160055,21750.658637819666,26638.717124077117,0.0,0.0,0.0,25430.514809127897,21180.729204751937,224.0,0.0,0.0,28304.480334572214,23117.606319877697,23298.974751936756,26371.055112272978,18361.944249816668,36700.8924288335
