sensor_zone_1_1,sensor_zone_1_2,sensor_zone_1_3,sensor_zone_1_4,sensor_zone_1_5,sensor_zone_2_1,sensor_zone_2_2,sensor_zone_2_3,sensor_zone_2_4,sensor_zone_2_5,sensor_zone_3_1,sensor_zone_3_2,sensor_zone_3_3,sensor_zone_3_4,sensor_zone_3_5,sensor_zone_4_1,sensor_zone_4_2,sensor_zone_4_3,sensor_zone_4_4,sensor_zone_4_5,sensor_zone_5_1,sensor_zone_5_2,sensor_zone_5_3,sensor_zone_5_4,sensor_zone_5_5
3782.34295066726,2183.4017227713884,5630.207175317599,1972.0710127628035,4502.333584987339,2759.1758727092333,0.0,0.0,35.54139499582862,2147.8081605447514,4782.011901988632,0.0,0.0,0.0,4310.339323713122,2088.0708537799665,25.6,0.0,0.0,3093.7599587316877,2364.393424282473,2401.5373591567254,4520.584511083625,1844.6130256850645,3916.249396636671
